8156,9389
5627,7210
8152,11417
3225,6852
6718,11665
969,7030
7521,9385
1947,10742
1043,3253
5768,7925
6807,8817
4754,6227
94,6210
6551,7943
4771,6227
2059,7787
3496,6072
9998,10751
2453,3927
7096,9768
4532,8757
5115,9802
7037,7747
9015,11550
586,8464
5387,5933
1449,7056
2660,9908
351,6868
2363,9303
1498,2599
2511,4295
1267,1606
3418,8351
7500,9147
3116,6051
8936,10239
3136,4438
170,5911
8235,8474
4365,9842
8763,9832
2434,3140
5120,11632
8139,9728
10065,10286
2785,8029
7261,11745
9942,10588
7009,9249
1482,6953
6282,7025
7060,10655
525,1487
1919,7263
3511,5838
590,1652
8554,10307
2060,2746
22,2830
3896,11246
7807,9802
5530,8073
4365,5755
6766,7252
824,6310
7041,8931
4496,8939
8140,9919
4742,9001
430,5829
1182,8655
3154,8216
5273,11039
237,2171
8658,9213
2193,4367
6796,7943
6354,6463
9153,11583
3169,8887
6868,9338
325,10477
2360,10017
4431,7866
5029,7520
4396,8664
5634,10775
661,9375
1948,9507
3416,11231
2993,5219
2368,6030
1969,10584
7580,8497
1350,4499
2327,9817
10445,11202
457,10653
9008,9854
3072,8331
3704,5077
1450,3729
5470,5767
26,6153
8669,9611
517,5915
1985,7346
6640,9527
7701,10391
1525,11051
2312,2941
6408,8439
6542,8257
1211,9892
8996,9558
4493,8079
71,3455
1986,8109
3116,7396
6014,9440
9471,10320
3547,7241
2427,4837
9069,9673
2294,2308
7176,11707
7095,7222
4307,10318
6324,9658
3767,10725
9534,10341
8575,11638
9883,10906
8822,10538
214,1796
5735,8900
1084,7725
4298,4311
6709,8184
7167,7309
4583,9732
6645,8197
772,7087
2146,8883
1705,6797
673,757
2394,9791
146,3742
4314,9990
7625,9708
8135,10921
9487,10130
1847,9056
5316,9176
3851,7441
6300,7866
8809,9001
7095,8785
6742,7155
2677,5391
6236,7853
1786,9054
1743,9487
5728,7986
752,6509
1119,10797
2450,5421
8136,8644
2412,10127
3285,9663
1555,10971
3974,6856
1750,1780
2351,4258
851,6759
8059,10608
3622,5855
10974,11142
2845,5854
1891,1926
9217,9819
578,9658
5274,6640
6519,9416
7550,9921
2139,5938
528,567
3885,7889
217,7849
1176,5918
7956,9754
738,2226
10318,10400
4730,9602
1551,1566
501,3522
4488,7181
1600,2244
1960,9475
1966,10549
2096,8173
1496,1956
2413,5456
767,10216
5722,10547
6799,8840
4766,6374
2511,8771
119,3480
7809,7942
6917,7888
3688,3935
6596,11379
2992,5225
4928,6229
4504,10312
2030,2204
6843,8959
9453,10293
2400,4746
9539,10065
2282,7165
6793,8705
6201,11320
7020,8803
848,4438
2473,7865
7576,11742
3446,3492
5567,9346
5552,8797
7033,7799
4083,7913
4359,6545
5332,7944
2662,9325
4527,8785
10007,11308
3828,8307
868,9467
2713,6382
2725,4121
6895,9467
6014,10238
2483,4205
6940,9505
2766,7768
4601,6486
2802,6648
6512,7671
6013,8186
4474,5664
47,9800
1143,10661
5122,9456
5426,8969
6942,7629
118,1800
3410,8152
3732,3831
2710,4472
1001,7292
1640,6227
5154,5259
8785,10929
7199,9697
5384,6717
4040,11152
10412,10485
5110,11644
8945,10299
1044,3994
6831,8715
2508,10442
7523,8737
3779,3793
1615,6964
5788,7253
759,7233
7615,10188
5077,8993
6595,7281
3269,9663
2713,7396
4400,11469
3478,4926
4339,4344
7085,10780
6620,9289
9246,10147
827,4827
1888,9246
1161,5928
1882,8775
308,3499
6089,6672
7583,8939
4761,5519
2327,5679
2830,5205
573,10445
5728,6684
4588,10089
3156,9564
190,1009
665,7636
7661,9085
5363,7829
4611,7190
2710,5993
4284,6949
1600,4206
7483,7771
457,1615
7953,7973
1410,10844
1434,4644
371,5589
5508,9659
1104,1215
1477,8867
796,6016
7441,8719
1481,5325
4460,8785
5975,9303
3987,4198
8812,10935
2146,5625
1434,4909
493,4940
704,1958
10069,11353
3489,7724
623,7852
6071,6136
7314,7486
5789,7266
7727,9306
4538,10443
1593,6504
251,10673
1636,10827
4778,10463
6576,9049
201,7723
3495,10079
2363,6141
3656,8412
5664,6226
679,4525
1568,1577
2226,10042
903,5508
5749,10778
5036,5166
1419,3285
4255,7540
10673,11649
919,4480
8084,10105
9775,9789
4571,8188
2603,2614
1443,9319
2902,3060
6707,7449
1667,1733
7226,11693
4472,6928
4928,7820
553,2805
1627,6833
7552,9266
1463,10329
7228,9805
217,767
604,2660
5532,9776
996,10425
472,2829
580,9872
7507,9554
2306,3168
6923,10464
5569,6595
2120,7189
1625,4704
6551,9987
3408,8238
1382,5118
10811,11661
9366,10653
1289,5626
488,7418
4467,6245
3317,3409
9147,10515
5547,10380
6310,6704
4942,6241
4925,9598
1910,6466
827,8940
11499,11597
1664,4047
1966,9667
9927,10077
8923,9077
6901,9891
3227,7614
6467,6660
1980,9270
8950,10887
4056,11457
3193,5936
2283,8184
6941,11629
3305,5569
1648,6217
5669,9708
5712,6205
4560,5446
214,10367
1660,10195
3549,4879
5059,10876
3593,4588
4545,5985
6497,7913
6005,7877
2900,2918
191,5697
454,6014
6032,7893
5996,7182
4047,4492
7510,7622
4202,9972
8706,10039
4664,5325
797,1969
4722,8634
5437,6797
2135,5568
9471,9913
6530,10525
10122,10399
7851,8176
10055,10329
8978,9443
5390,9064
239,2236
1743,4664
8627,11661
1980,4466
3110,6625
1442,9329
5624,10816
1096,1786
9999,10891
7184,9056
1662,7223
3108,6286
6123,11720
827,7204
1667,4397
3171,8658
4088,4108
4532,11550
348,9356
1596,4914
5576,7615
565,3836
506,10751
7853,8807
6596,9872
2361,2824
1035,1664
7502,7562
7365,8173
1220,10432
1247,6205
1422,8686
1606,5926
2156,3883
340,1035
6049,7434
6385,10276
3538,7015
1633,8539
5965,11730
1962,10308
1723,5106
3273,6691
692,9170
6324,6911
5078,5125
8184,9663
1133,5715
4311,7613
3782,7720
2796,3491
567,9569
7134,7321
1262,6263
998,3218
7583,10546
7405,11413
9033,10625
6469,7926
5974,9109
8311,10380
1730,3935
10422,11534
7302,7980
3480,4138
29,59
4566,10653
7356,7769
2767,10079
6556,7210
8220,10356
1390,3753
205,7396
10312,10578
6010,10443
2282,5672
3483,6812
1563,4025
3986,4210
6342,9919
1627,7864
4386,7807
2234,8204
7565,10635
948,2086
7047,8905
5625,5942
407,2979
3763,4396
7895,7991
2744,10627
825,7730
4339,9537
5097,10453
1434,2327
1710,7321
7030,10381
2226,7192
6354,6888
4721,5025
1560,5991
10100,10713
2292,4288
5387,10537
4204,11203
2230,6801
4285,10110
292,3273
499,7176
3505,6029
6519,11551
4472,5985
2306,4925
5813,7829
2456,10393
753,2730
6791,8876
8095,10847
4304,9560
683,6016
5525,9813
5585,5917
6270,8758
7532,11609
1021,3696
1733,5653
1919,7739
351,3478
271,3760
8680,11521
4884,6748
999,8919
5390,6783
3767,7025
919,8072
5739,6941
761,6012
7434,10196
4766,10088
1719,4808
1966,6344
5311,6281
2360,2361
6466,11628
312,1495
9048,11659
4118,8282
3322,4928
4934,7356
8669,9763
5614,11078
6759,7170
4451,8645
2459,9618
3453,8627
1018,11499
7640,8220
3116,8080
4294,7388
6226,6656
6200,6204
1628,2049
6816,9634
6853,7434
19,3063
2327,11549
1890,7852
5141,5697
8227,10786
6057,8664
10588,10637
2195,10412
2073,5515
7400,7943
9558,11581
434,8622
6269,9985
1433,7190
1289,4378
7481,8469
6526,7155
654,1600
4963,10242
3219,4918
3231,10055
492,1629
1507,9045
4689,7122
3877,6484
4925,5426
2822,3884
6646,9999
5387,5985
9722,11539
4707,4715
4488,5923
4436,8969
234,9054
5572,11417
6482,7822
8059,9739
1793,8166
4872,5769
2096,6656
217,9170
7829,8490
6766,8858
9327,9732
1838,9179
8729,9652
7150,7775
1958,2143
4411,9410
3923,5706
2111,11128
1520,5983
8959,8960
697,5311
3782,5406
3172,6222
4488,9422
4538,6049
1387,7920
983,11307
689,3130
2300,4926
3543,4866
1178,7340
2170,6528
3779,7660
2380,4004
5133,6626
7820,8809
5363,6322
846,7895
6412,10500
6836,7862
2195,6788
2464,8220
4404,10254
10011,10130
9593,10587
2829,10705
5775,8763
5284,6557
5532,9758
597,2761
3577,3656
1454,7849
882,7384
360,4960
5664,6883
7388,10903
4040,8204
10431,11042
3091,3264
346,11370
4793,10929
2281,7511
6454,6505
7737,9217
2499,7306
7642,10164
493,7470
6911,7642
7100,7550
6571,6578
1247,3013
10464,11410
4926,6901
2077,2681
5659,6924
5455,9356
6453,8967
1962,6492
6045,7447
10242,11463
1495,9976
5551,5991
9541,11379
1216,1866
8173,9098
579,2341
8235,8639
4602,4787
7893,8081
761,2201
2588,7746
7087,10929
7748,9320
7212,7663
430,1900
7212,11496
4664,10024
1090,7447
7289,10641
2072,5996
1382,4051
522,3525
7183,9053
5749,7043
4308,7321
6221,7321
6472,6746
3328,5191
3666,10422
4583,5665
5105,10938
1321,5944
351,2920
3377,10705
4827,11103
8130,11427
5973,6263
6827,11672
10504,10949
233,3091
11043,11285
179,3080
7476,10062
2111,6014
1563,1986
10022,10587
7404,9341
2674,10235
6695,10825
4461,10900
3480,5198
8967,9102
5274,10927
525,5659
430,7839
1615,3327
1044,1901
450,8664
1132,9789
6092,11687
6709,11593
2982,5190
6766,8899
1713,6056
2107,11225
10384,10549
10471,10625
1076,2021
9743,9982
1215,10936
1031,11695
5494,6398
9088,10358
1719,2445
1038,11629
5858,8492
1108,5387
4300,6703
6057,6244
5290,8030
1844,9571
2652,10744
5125,7054
4507,10650
1649,3753
6369,6601
4733,6856
2685,9972
8791,9073
3127,10109
473,2801
360,936
3530,8495
6643,10477
808,4606
9172,10070
851,7317
2051,11117
10115,10546
5799,6259
2081,11462
6595,6790
878,8623
3943,4818
2203,11575
2760,8942
4073,9473
7128,7233
7182,7193
4231,10971
6923,10755
1826,7034
1594,2780
3083,7486
9181,10356
233,10147
7775,10030
654,698
217,1432
3838,4739
569,6317
914,9098
1891,10976
9673,10070
2111,4455
3831,7738
2184,9205
961,4249
808,10976
4919,7853
4696,8849
803,6679
718,8199
7155,7204
9176,10196
3938,4063
199,10755
7596,8802
5588,7714
3015,3061
4931,6333
4872,10059
5389,7655
3688,5627
7064,9509
2766,6476
2361,11374
7967,9537
10307,11481
3292,5132
4594,10952
8776,9613
5290,10092
3494,3797
408,6162
3547,6602
2636,2845
3727,8573
1046,6953
6902,9645
10786,10798
7481,11123
1829,4832
1387,3492
650,9743
5551,8213
3342,4787
514,6966
3669,8624
9426,11078
5652,10773
673,8841
2810,8157
10680,11486
4371,7603
3138,7933
8922,9081
4318,10971
3169,6484
2400,7083
2453,6516
6912,7408
534,7655
1593,5290
6643,10464
4040,8846
2295,6619
6689,7289
7309,7476
1694,11645
7799,10187
5266,10364
7476,7659
761,9217
7383,8775
1976,6759
7736,9854
10,6241
5406,5428
7466,10525
5647,10990
8100,11454
3686,7603
2123,11528
9851,10294
6902,11499
2790,10069
6791,8277
6342,10650
292,6524
3825,5218
10054,10548
2184,6545
6123,11653
2336,4333
2276,9990
1434,1600
7738,7849
4371,8811
4381,5108
656,1782
8404,8560
9243,9518
205,5527
3683,7576
1035,6624
3239,7424
11543,11658
1416,6229
5638,8752
832,7239
10253,10367
887,6625
709,1522
1950,3973
820,7739
8719,9943
7822,8978
3084,6691
3377,3626
3368,7422
627,11217
3083,11357
7351,11745
2792,4314
2371,5940
1633,7928
10242,10308
6807,10385
1427,4313
5808,8722
3216,9451
665,831
6519,7675
6340,10069
4042,4583
5571,10554
2310,9077
7091,10752
4507,6495
675,1351
4118,4949
7747,10161
308,6084
1421,1636
9130,10685
661,9507
9111,10576
132,10515
1618,10298
6089,6613
1412,4337
6002,8950
623,11275
5391,11481
3478,9338
9569,10238
7819,10021
3639,8995
9135,9744
6750,7793
1490,6672
5929,10391
594,5829
571,9362
9182,11205
6499,7591
5722,8899
3878,7041
1613,2293
3075,10627
638,9131
3172,6619
5537,9390
2753,7893
9130,9999
1220,6092
7302,9539
7973,10021
1722,2464
4460,6709
4444,8154
649,9392
372,5547
5763,8622
9217,10224
3342,6912
3511,9173
4785,8357
2675,5576
1679,6379
2746,7219
5316,9348
6789,9817
7263,7947
3282,10233
5029,6209
2200,8175
8742,9984
3771,5081
9832,11325
1531,11282
940,7405
9285,10307
7349,7509
1285,4715
2995,3001
425,5736
4460,7511
2128,10465
7675,9649
4461,7636
1446,1618
1593,8351
7498,10911
1593,10150
1980,10445
7138,11741
7043,7602
6720,7860
3264,4648
2010,4121
7636,11729
1697,4771
146,1390
2287,11653
764,9346
9843,11699
1089,1467
5390,6198
7793,9320
5132,6270
684,6048
10768,11707
5387,5527
1610,9487
6578,7602
551,5413
6866,9684
2677,10313
9053,10748
2427,4270
6856,10860
656,4338
10356,11749
9001,9407
6012,6912
2207,7273
10,10517
10736,11727
4879,8244
6432,9239
948,8135
676,8222
7521,10976
9714,10342
2074,8665
3684,4637
5134,7452
8821,10588
4914,7693
10661,10784
6114,7182
9925,10697
1893,10453
7273,9851
9033,10279
9598,10714
5390,8097
2438,10846
705,4504
4872,8952
3514,5077
8039,10806
742,6438
1600,3838
8059,10737
207,854
2164,10902
1011,4787
2039,4421
7967,9077
9366,10211
7457,11245
6354,9124
7160,10478
1935,4470
1559,2273
4451,6013
1888,7104
3216,8960
5508,8451
6615,7319
2361,11602
8779,10616
5449,10297
271,5219
6628,10976
6711,6862
5480,11384
2818,7822
2609,5838
1513,1987
3284,7289
7237,9128
7431,10594
10318,10399
1633,4622
2508,4927
2653,10910
1539,2285
4284,9440
440,1021
6087,7062
7415,9569
7625,9606
7100,9667
7394,11318
10,10755
517,7446
7181,11336
9208,10399
2128,6901
8252,8298
8380,8439
700,3242
9634,10732
2588,3808
753,983
1225,5468
10239,10377
3410,3594
4081,8304
1950,5497
824,4584
6976,7602
603,7219
4447,10054
749,2189
1633,3758
2453,9698
1462,2031
193,5410
6713,6913
958,6951
7783,8467
2746,11400
1081,8658
6625,9385
8978,9523
6620,6826
5664,10806
3596,3624
6816,7754
3851,9706
9615,9684
866,2010
8519,11325
3100,5719
443,10454
5755,9135
948,10192
5325,9165
4971,5012
1092,8763
9877,10629
5998,6942
1050,1119
7620,10797
1893,7222
6512,10548
3116,5622
8984,8990
1220,10401
7263,11384
1665,6204
7521,7586
809,4884
7104,11700
7607,10740
949,3330
480,5687
779,8081
5786,7314
5435,6602
1885,5105
4595,7344
1614,10059
4967,6153
1089,3470
4255,9047
386,5435
1054,5057
5647,11539
6862,6902
3944,5568
820,11246
9309,9911
2676,3883
10422,10706
550,8440
7330,7440
5045,5485
3083,7663
6519,8600
472,5664
777,7778
9798,9961
4536,8359
5094,8930
7182,8257
5412,10293
571,584
4775,6270
9187,9720
4315,7354
3525,6222
219,3075
6977,10806
4579,9049
1989,10187
9183,10154
2766,9217
6656,10928
9175,10679
6049,10806
4252,4294
9187,9809
508,6453
3652,3686
2453,5622
4304,6625
6410,6973
526,592
9744,9985
8165,10192
8152,10110
5277,7622
1917,10059
9870,10809
1433,10297
2957,3050
749,9580
2715,2737
4504,10578
1520,5639
5438,9333
6837,10070
880,4444
8682,10811
10669,10697
6051,10187
6970,9103
3490,8555
1594,10827
8509,10780
697,4376
1451,2685
3138,9188
687,6494
1594,3623
4642,4919
434,3446
214,825
10962,11066
1182,7506
1482,7510
2091,2411
6762,7058
4811,5933
6116,7291
5406,6200
7709,11496
1218,6571
6790,7062
5973,6692
1153,4793
649,7033
2249,4547
5719,6114
3688,3708
7315,7746
1102,2086
6737,9920
7478,10828
5508,6344
9194,9258
6796,6902
8365,8417
3688,4198
6047,10400
1043,5510
548,4274
5525,8926
11571,11769
6619,6737
6733,10442
1265,3357
5986,6976
6761,7894
7240,8266
1503,3480
7903,9323
9851,9866
8097,8213
683,5659
6333,9649
1888,8899
1423,6368
3083,10928
7172,7415
1451,10482
1782,7306
1660,2148
9976,11503
5911,8252
5275,10218
1128,11662
2669,5669
508,9088
6789,9034
11217,11653
7723,9591
1937,7684
743,4497
5775,6673
1454,6270
7266,10361
8748,10922
10366,10504
5321,7637
3529,4963
2657,3294
5435,10029
1942,8079
1521,6308
1467,3515
7537,11398
4161,6790
1434,7219
3050,5254
4252,6359
4375,7620
3871,5497
3600,5999
5775,7580
4250,5104
5103,9259
480,6814
10081,10196
7043,10318
5125,8692
1161,8028
234,10768
1694,3859
7440,8956
2260,4446
977,10515
8862,9615
6972,9842
1985,6960
2681,4866
4641,10241
4014,4673
3829,8404
10515,11445
3116,7428
6966,9297
1044,8862
6084,10770
1559,11140
8215,10928
4258,4696
6129,9692
6076,7025
4210,9260
453,9431
5542,7895
2168,5644
844,6837
787,1086
1154,10505
3267,5703
7313,8988
4052,6646
6723,9171
2377,7862
6964,7213
7073,9996
9301,9897
3461,6482
3216,6231
7620,10232
1430,6442
5547,6954
4357,10635
4633,9451
1268,1682
6367,7620
2203,6755
308,337
695,8124
2868,3364
10290,11632
3253,8945
5537,6356
1900,2021
134,8359
1614,9399
958,1217
2076,10082
208,7212
7306,10903
2790,11649
1451,7226
2675,9097
6713,7271
7447,11482
7737,10719
1917,3492
749,4652
2031,7247
1351,1631
7424,9952
7266,9742
7350,9498
2669,9396
217,2129
7391,10055
1659,5548
5124,7719
9908,10725
9320,9773
5141,7975
4944,5431
1211,7311
582,7642
4650,4690
6090,7807
1796,6797
2229,11430
8768,8926
3882,8204
4705,7609
1594,6315
1993,11222
7069,7263
3496,4909
785,5108
728,10637
1901,8029
9976,10307
4919,5428
2776,9319
1467,2160
5538,5944
2361,6843
70,2493
4626,9130
3804,8631
7209,9159
473,6476
1070,8190
604,6596
2252,9505
6067,10052
8749,10472
9569,11741
4323,6619
5519,5569
7073,8539
8184,10699
5104,9054
6114,11559
839,1482
2059,2104
1692,10084
8596,8768
1861,10973
11078,11186
5787,8691
6204,11469
7428,9720
9848,10185
9631,10597
9172,9175
4942,10749
1602,6308
408,5863
5422,7085
6571,7897
3287,6450
848,9108
315,5120
7095,7395
5923,6382
1989,6679
3101,5476
838,3525
3172,3526
6482,10685
9188,10990
5449,7010
3231,3537
4043,5679
7137,10222
8188,9179
4210,9140
6310,10297
2303,4921
6884,7813
1692,10422
3411,4960
3192,7596
1723,5435
10232,11521
6595,7224
1640,1660
3662,8580
4364,7709
2059,7771
5739,7148
3081,3242
4228,4918
4487,11410
6906,7820
3201,7637
5952,9580
5541,7181
2119,9807
8865,9696
3129,6800
2212,2430
7882,10746
4596,5457
2062,9539
2685,6833
1692,9136
2076,10929
839,8611
5940,11662
2438,8757
1916,5795
4460,9049
2156,4202
7321,10652
7583,11344
2201,4505
2365,3753
4514,10707
5273,6671
6688,7447
4083,8261
3496,8622
6717,7897
2404,5585
3032,3045
7032,11370
2813,6504
689,7177
4499,6642
7317,9470
8156,9217
7500,10229
6321,6724
7135,10294
4043,7893
4732,10898
6941,7395
4545,7607
1072,4300
2468,4261
2382,6964
2457,7756
3080,10567
4026,4843
6759,9289
848,9130
1861,7357
4204,5328
661,5103
2434,9363
7841,9604
7081,10093
370,8285
9262,11649
6456,10610
1503,9817
9772,11495
9440,10035
2404,4847
6581,9684
3129,8904
373,880
11393,11646
4939,8623
7078,9001
11160,11263
5245,9580
363,11577
5320,9327
2091,8888
1179,2204
1626,8594
4504,7335
7277,9250
7058,10482
3669,8594
1888,7020
3461,10548
4376,5551
7196,10906
7580,9851
3136,6942
1616,9147
4043,6493
686,4381
675,8423
6672,7526
5760,7994
6737,7512
5546,10182
4502,6260
683,1958
3478,6073
2454,7799
3814,7990
2382,7253
7224,7540
1109,4036
7150,9509
8277,9649
1633,4438
6420,8952
3796,8342
1513,10726
459,6451
800,11662
4939,7115
2193,8283
724,9623
2813,6016
4455,5115
5266,5386
10865,11745
10450,10891
2774,7451
1853,3298
8298,8326
9766,9931
1160,1411
3127,7266
9486,9778
519,7405
3296,4376
1195,1915
252,9520
3639,3836
6939,9131
2691,5668
4021,4583
5929,8283
1211,8692
6759,7140
9490,10079
2160,6642
3880,3960
4336,9285
3719,5214
3393,8591
661,7609
3646,7909
9914,11564
2744,3151
8793,9547
3097,6742
973,3870
4637,5115
6459,6551
1679,5395
3852,5672
8713,9900
1926,9148
6800,10673
330,5273
6942,9001
3777,6164
3944,4527
10917,10945
6931,11337
1987,5309
5421,5485
3284,9655
2497,7428
724,5938
4444,11588
5329,6917
5999,7735
560,7369
217,1030
9428,10390
7538,8747
351,565
3881,8883
7559,11611
6459,10869
2941,2977
7576,10770
2670,4487
4330,9588
5410,8423
1035,2796
2691,6577
4330,8854
3515,3719
684,10219
7047,11543
156,7314
3870,4025
1215,3144
7115,7801
1148,7389
8139,10091
1555,1566
5284,6005
7925,9148
7622,11379
3075,3986
3110,9636
4825,6658
9110,9908
849,1394
4538,5542
4698,4710
8817,11519
3243,8950
2570,7149
2670,3124
9431,9818
8645,10857
6036,8856
7680,10875
8139,9845
2822,4340
3383,5421
2824,10928
9845,10549
2435,10110
10976,11539
4613,8182
3391,8771
2934,4971
8492,9667
475,8119
4288,6498
2142,9003
728,5638
7078,11427
4382,7614
450,5753
442,4914
583,8741
3228,6276
10445,11462
2035,3169
9851,11700
3148,4446
1906,1925
3722,8563
7352,8932
3287,6701
582,7389
3191,10224
585,7463
9733,10079
8783,11603
3116,11275
1560,1602
8056,8328
1884,6263
6965,9569
373,10652
1844,5920
2649,2908
4323,8783
473,4918
589,5077
6942,7162
8273,8998
5309,9555
4388,10594
1062,3170
1021,1958
1600,11234
6766,6800
6049,7558
4247,9346
1529,6482
10041,11528
7736,11520
1148,2695
1648,7737
1090,7078
3788,10077
6013,7980
10366,11567
9556,10131
9837,10719
802,4220
5909,11639
4666,5805
2453,7175
1330,3361
5659,7219
1861,2031
1021,9240
6002,8176
3465,7559
3078,4606
9159,9817
2371,5574
4958,5769
4339,9787
4925,7391
3550,6628
5485,5497
2753,6895
5915,11126
8841,9428
5801,8812
869,999
1962,5725
7355,9038
4265,7642
2717,8812
4285,11205
28,2492
1467,4963
5925,6582
8906,10610
1826,7669
1411,11250
2436,11649
7054,7667
8087,8224
5949,8334
6843,11449
1917,3129
4493,8058
4438,9165
766,7155
4696,9472
7655,9183
8785,10869
2423,7396
1910,6005
4681,7190
1600,7531
1400,7533
1679,3669
7882,9075
5585,6343
2675,9872
2703,10635
1888,5449
3828,4918
5387,11597
3880,6472
4697,7720
3648,10218
6941,10387
1225,2379
5254,5258
553,11417
9008,9733
3977,8332
3490,11687
7240,9907
9270,9782
4235,6693
692,2694
2229,10572
2674,4330
4293,7851
1057,6530
10318,11735
6571,7640
3378,9518
7775,11713
5406,5955
6718,9349
7737,8118
9802,11742
6498,7630
5457,9518
7559,8788
840,9510
4504,11393
6595,7118
1976,3403
4579,8359
3623,5028
4815,9073
6769,10057
1633,2049
796,3851
9552,10173
6010,7408
5739,10235
2269,4819
8695,11625
2783,7447
251,8995
844,7550
330,7981
7135,11695
3826,11266
3081,6550
1013,3276
7281,8959
3111,10175
4461,9732
5108,5140
2194,4058
9433,10310
1826,6883
673,6731
5499,7674
6152,11266
1844,11785
708,8678
3282,8945
5266,7980
252,3851
7859,9877
6616,10355
7040,11608
9249,10619
1636,8351
6917,7913
6972,7418
1722,5320
4088,5752
85,8100
6982,9832
5717,6286
1987,7815
6556,9182
7748,9999
811,8204
2101,9842
5679,6355
1050,5110
9985,10675
8275,11422
7425,11128
1950,7638
802,4827
3779,7037
969,6324
4468,9270
9085,9573
1844,6596
3536,8300
556,6030
3480,7785
5722,9045
1960,7283
1722,4467
2101,9109
8812,9392
1038,7263
1016,11128
3251,5605
1696,6556
5736,8876
7010,9462
1413,10221
4148,8575
4366,5426
6800,11527
5077,11041
7349,9049
3419,3698
10299,10882
59,4141
488,1968
803,6853
1105,4120
5742,10515
9215,10181
3644,7928
3179,3857
5515,10139
8137,10175
1153,10421
3179,5136
7494,11527
6897,6999
4487,5578
8937,9443
2171,8783
277,363
2365,4444
3254,7078
2229,6092
7137,9171
165,3411
572,10668
1109,7447
7424,7925
1746,9182
3465,3562
737,3276
3254,6136
1498,6276
132,6517
2367,7190
3492,10825
10222,11130
7389,10127
2184,7246
4905,5319
4400,7723
2676,4618
6904,7712
1893,10196
4588,10088
2101,9569
459,2360
6645,9348
2508,3753
650,6783
7219,9297
8457,11349
817,9813
5108,6684
3140,7710
886,6385
7251,10145
6760,7249
4444,8785
6398,9668
1211,1964
2826,11672
681,10231
6047,6640
650,4711
3478,5426
492,634
1748,6576
2120,11527
2725,6012
7137,9363
5974,7984
9451,11783
1777,1832
2146,3244
4676,7655
4468,10257
9124,11764
234,9602
7000,10238
5717,10689
546,4161
7793,10317
1935,7184
3472,6210
1651,7947
5108,10442
7279,10238
4388,7771
3480,3585
1425,6695
876,6755
3659,6846
7762,7786
5177,7580
654,9534
2104,4270
5568,7198
7723,10386
4940,8793
2074,6359
7263,10383
7710,11597
6625,6791
7597,10384
9272,11625
3642,3823
5660,7734
8654,10057
4322,9623
5320,9505
2707,7893
6582,8015
8068,11543
6742,7497
838,6516
9872,10310
2935,7494
6517,6637
7351,8817
1942,7302
2660,9413
1043,5403
5541,7047
3496,6147
3216,7546
3416,8404
692,9795
3659,7408
543,5293
146,6801
3472,7928
534,9034
370,742
1643,3543
5115,7335
1882,6625
6942,9266
1556,11230
854,10477
969,7981
7922,10041
2104,4467
1926,4403
543,9266
4365,5986
6545,7991
4043,4675
487,7529
752,8857
2792,6616
8940,9847
472,5731
9254,9276
6359,9266
8817,10869
3136,4377
443,8795
1021,6637
5532,6616
5311,6033
998,6314
1437,5585
351,7922
2611,6236
6646,6906
7069,8068
6307,6870
961,2171
6016,9131
9614,9728
1451,1495
1281,6152
5456,9362
3859,5639
4189,6029
7630,10007
5311,6451
9775,10881
126,5868
6344,9698
93,1061
9986,10825
6333,7150
8162,10912
703,10342
4204,11459
7391,10122
156,8678
8752,9213
9787,10673
4314,4461
2763,4220
4926,11520
5274,10947
2287,6011
1894,7693
565,6485
2218,5942
4020,11444
3945,4817
1631,5859
9686,11699
3329,4455
6759,10489
7661,7771
550,11373
1995,4294
4479,4566
1240,5120
6114,9341
1555,11062
6966,10041
6378,7819
4101,8234
8495,8563
8973,9493
572,10358
10088,10935
1063,7026
3282,8904
1432,9176
7928,8678
2226,5435
7104,10218
2681,10578
6940,7209
802,10482
4732,4759
6554,11420
536,684
2048,10869
7150,7415
4021,9985
5969,8155
387,9676
9084,10722
4121,8624
1495,3986
4274,10652
5409,7550
731,1996
3169,11202
584,6653
3823,7072
8093,8999
7776,9169
7507,9419
1659,3421
6602,7573
2218,5976
525,4225
8658,8682
6789,11379
3097,3767
650,2413
9584,10371
7160,10827
6300,7476
1013,5330
98,11419
10425,10477
3495,4901
8320,8426
2076,5625
698,7724
9843,10671
2370,10235
5412,11365
1738,2453
1893,6619
6791,7226
9413,9843
2409,5954
4393,6486
723,11202
2139,7190
1610,5101
5924,8134
3554,3726
2229,4021
2938,3067
3193,7655
1119,9073
9931,10449
3411,8488
4963,6049
5610,5669
5928,6595
9346,10127
1044,6057
795,1477
2676,9877
6628,7266
1031,8952
8995,9696
6385,9330
9303,10031
2464,4487
10096,11357
661,5714
5798,10343
7240,9673
3604,8228
2957,4140
774,10652
7737,9743
10869,11399
1708,6454
3376,8487
5768,7104
2807,4585
7313,10804
3683,4931
7887,10921
6646,10744
7182,9945
1655,5509
5336,7637
3285,6692
193,6957
7999,9922
7629,11357
854,1035
6067,6492
237,6883
2158,9697
8735,9564
3264,8694
2669,4042
4464,11766
7640,9334
488,2288
7559,7684
7724,10563
590,9949
6796,10242
9282,11482
880,1969
3169,3842
7724,8699
4915,7623
8124,11442
4670,7114
348,10242
4958,8672
3986,7155
2782,10425
2367,3179
7853,11514
7562,7596
7836,11393
4503,9392
4613,6924
759,6852
5926,8699
2171,7395
3353,3594
8891,10675
9056,10211
5431,7128
1985,5568
2671,9279
4940,6221
1503,6315
3418,5057
5715,8111
5941,8726
6850,10024
7199,8087
1054,6001
2829,6522
7457,7719
424,5259
2799,6482
7511,7748
4461,10563
4697,8783
2120,5320
363,7150
10668,10930
5736,7986
239,882
1025,6424
9606,11576
4514,9298
3013,5254
2594,3837
2737,10154
3072,4751
1651,7737
757,9614
7233,10478
6472,6677
1893,7825
10976,11537
3442,7149
5775,7451
5224,8395
8563,11725
6084,7114
5940,7889
7209,10329
7137,9096
3246,7975
8079,10504
4492,6660
6762,10942
1190,8910
1750,9892
7510,7769
3798,9413
2086,9233
4468,10537
4277,9505
2404,2737
5085,8423
1612,4960
5478,5692
676,9999
4212,9795
2070,5140
7748,10591
6422,7280
10242,10875
1728,4811
4576,10090
7155,8969
1217,7182
3153,7388
9560,10546
9016,11704
4338,9791
6069,6197
360,8937
7674,9298
9905,11499
7933,10477
178,6204
5140,6692
2327,4393
1410,5029
9230,9500
8126,9863
5273,6270
1925,8560
940,10272
8665,10052
6289,7839
4720,7352
563,2321
1648,10133
9662,10095
4613,9147
480,1482
3253,9390
757,2341
3814,6029
8910,9942
1132,5751
5387,6783
2295,10453
1679,8776
886,10396
5921,6867
6451,11205
3600,5293
9231,9584
3098,11102
10685,11592
9395,10906
1421,10949
480,7933
5788,9631
68,8348
3379,8351
2276,5615
711,9952
2807,5817
9528,10675
292,3185
5638,7341
9689,10052
6978,8693
8262,8331
343,3683
3075,6315
9684,10342
7009,7550
4213,7675
932,1009
4293,9033
3963,7970
3688,4463
6420,7925
1450,6197
205,7400
3259,10374
4386,5506
4587,5846
5985,10619
4351,6014
7266,9649
1651,2655
627,2482
2709,8887
2370,6977
5984,8850
7134,9130
9196,9355
6707,9537
1137,10371
1016,6596
6217,11454
6991,9922
2295,9141
8080,9182
558,6602
6718,7112
2203,6965
3875,5446
7160,11541
9722,10258
1728,1805
800,1090
4206,7058
973,4227
6965,8818
9524,10563
2179,6769
3685,3788
7010,9943
7841,10480
5119,7646
7897,8073
892,10178
1940,10673
522,1665
3707,6086
4351,11373
3179,9435
9282,9905
1885,8182
509,10773
815,7329
5755,6519
2423,7169
2281,8084
4704,10557
9606,10364
1467,2764
7306,10490
190,9008
2207,10915
2000,4649
7622,8558
1692,7975
2381,5954
1267,10218
2218,4338
1478,3538
10320,10390
6646,7849
5390,7888
7148,9319
5284,8906
6731,7365
7452,9375
6833,10041
6002,7126
4205,7078
1136,9668
6055,7030
4995,5263
787,9348
6087,8300
4927,7799
723,1612
5307,10608
3705,6620
3305,5940
5938,6526
4973,5207
919,2412
3091,3252
586,2285
200,9047
4606,6593
4322,9208
4943,7388
5933,6884
3151,9756
876,6602
3083,8118
4802,9462
9306,11239
6711,10048
578,7311
2981,3037
6746,8743
5647,9243
4591,7167
5774,6426
1960,3136
1411,4312
6673,10829
2695,3296
5598,10688
9851,10425
2195,7446
1966,9179
624,6054
826,10257
3216,7069
9776,10581
4322,5389
4831,10482
10572,11768
1526,11063
5917,6793
997,2195
7018,11340
1482,1495
1392,1927
3330,11684
8165,9222
6032,7266
7177,7500
2283,5924
5276,5364
594,10201
1826,6451
6033,7421
205,6692
2511,6136
4377,10385
6991,7602
4603,7661
4379,8623
2709,4843
3982,7204
1900,11209
10770,11700
550,5290
1393,1660
3176,8978
9320,10837
1964,10584
2107,4506
4397,5742
9913,10139
6374,10565
3051,3704
509,1613
5687,10163
8825,9714
2269,6451
3935,10898
3837,4231
4461,6814
7925,10229
1454,3399
6098,10806
1648,8095
786,6033
1490,6530
3800,7853
4451,10109
654,6888
1254,10707
3242,10847
1631,5774
2892,4984
513,9732
6155,6276
475,8922
1178,5664
5766,7615
4501,4504
1666,6116
3267,9738
2156,9980
6601,7400
1503,3231
2355,7184
419,6308
1908,9791
3469,3651
369,3461
1612,3452
8854,10234
2497,4679
1606,10615
2300,4501
1066,7675
7048,11318
2571,8547
5273,9837
6692,6941
1066,6778
10112,10383
492,8157
6691,9613
5312,10224
132,4596
9763,10522
2229,5788
1432,10837
3135,6551
6442,7135
6198,11098
7358,10919
5506,6062
787,7562
2453,4274
1529,7512
4421,10177
2341,2453
4626,8776
6551,9996
6571,7614
8045,10759
2711,7181
6735,7226
4438,5923
3386,10450
6426,8684
2086,2418
1908,11449
885,5324
703,9389
475,3190
207,6048
8899,9863
6541,7562
11081,11114
5519,10380
1693,3296
7273,9240
997,4373
4403,6812
938,10504
4925,6557
4503,10845
616,7994
654,10862
6530,10400
4560,5403
1498,11661
7428,10548
1064,5717
5097,7739
7413,8888
1996,3292
6315,9297
10732,10928
5685,10259
7526,7769
9520,9860
580,6413
9541,10703
750,10011
5320,11648
3100,4052
7313,10425
578,10105
4237,9330
8223,9803
6712,11197
9431,10421
7583,7684
3570,3716
1925,4943
7279,10329
1492,10127
4926,7904
6975,9597
1593,9334
112,419
8029,9346
692,8011
1385,3607
2540,6193
146,2893
4587,10875
5449,10653
583,5521
724,7655
1996,6065
3511,3592
2108,2457
2059,9758
1962,6270
9586,10425
6766,11111
4464,9999
4469,10695
7253,10733
9250,9611
457,6521
7985,8752
6650,8188
5384,7974
6703,9872
1525,11141
5669,10090
3696,8342
5386,6415
7806,8926
2368,3243
8140,9911
2123,4227
2142,7967
6355,7602
2556,3022
3249,7037
7488,9952
5293,8196
2368,5926
10293,11353
6657,7663
6307,7925
9697,11357
3393,10364
7388,10637
2810,6474
4918,8032
3150,6711
1271,10744
7944,9282
7237,7596
9084,11349
7500,7623
9130,10080
1736,5608
534,1046
1164,11777
5984,6972
9925,11384
7033,10242
5938,10597
2675,10279
7266,11583
4337,10751
8899,10313
4584,9044
9064,9997
7169,10096
4281,8789
2222,11730
3855,8934
886,6837
8904,8995
10647,10819
2312,10052
513,1522
2655,11437
2782,6530
6765,10610
2008,9049
905,6953
61,6420
5669,10377
2362,7040
3222,4576
1496,9316
996,2111
2234,11595
3547,7061
953,2677
2691,8950
3704,6270
919,10082
6333,10463
1633,6921
2751,7209
707,5104
6495,6996
2086,11521
848,1158
11713,11749
1485,6222
3421,3793
207,10400
4532,5455
2074,7956
8068,9282
7661,9208
616,7510
6072,7104
1413,8883
6389,7807
7092,9079
3778,5715
5622,6012
961,6379
2039,6315
6356,9952
480,5788
765,6571
6785,9467
1597,6282
6015,6583
7281,9809
11029,11063
1896,10925
4310,10840
8056,11644
344,6409
5309,8266
5119,6030
4925,6992
5585,6262
1495,2671
2901,2963
5725,6422
48,1387
7805,10647
4308,10911
3870,4481
5659,9026
7681,9172
3258,8157
8079,8164
10804,11611
6206,7906
1104,5605
5536,9222
1021,8904
3529,5440
6204,11629
1919,4377
3136,10742
3361,11130
2570,2830
5787,10866
211,7841
3118,10650
6856,7970
7330,8821
5094,11389
9775,10178
3251,9661
2059,2062
4436,10033
4036,8095
1009,10485
728,9348
705,4566
8611,8739
9378,9467
3547,7675
6977,10608
11499,11662
5072,6310
7757,10131
9168,10044
3282,9934
854,7557
742,1882
7354,10096
3753,8028
1983,10695
1959,8897
5009,5823
1942,6761
572,6049
9147,9527
1410,6656
6147,7037
10,8277
6413,7692
3713,7418
4732,7033
3623,6300
6814,10316
1479,11281
473,4466
2231,7819
6211,10187
1266,6767
6895,7623
7061,7451
2695,6450
4045,6014
961,4264
4446,6382
7169,8028
3105,5580
510,11102
2774,6596
5538,8293
5421,11353
3495,4152
4987,5219
1016,9034
7266,9260
3291,10807
5097,6920
7027,7065
4020,7889
8029,8809
2120,9560
9782,10095
4265,6642
6784,6836
3568,6253
9064,10903
1525,11104
4998,5901
11312,11422
1306,5277
7558,8028
594,832
6466,6602
3406,10773
1467,9451
1050,7310
1323,4962
6424,10218
6672,7771
893,6014
6578,9877
4207,4479
2153,4552
2671,11393
1594,3505
4611,6602
5973,9363
687,7642
3072,5597
1119,7083
1665,3771
9803,10115
4319,7385
494,7494
1005,2511
1038,1826
546,697
4447,7629
144,5081
4224,5299
8899,10371
4802,8497
1708,5725
9686,9843
7010,7675
9802,11239
5110,10748
1295,5243
5274,5290
2141,8213
3470,4732
563,3987
1006,1025
3699,11656
3100,7915
3708,8809
8252,8345
556,911
4928,6408
1570,1997
3216,9088
314,3513
1490,5485
9140,10174
4925,7149
4795,9470
6761,10482
6884,10443
1659,8595
3408,3418
5555,7434
5544,10597
1984,3978
7222,9921
9341,9982
3072,9443
1710,3216
6453,10522
8225,9913
2355,3091
9111,10082
1725,2179
915,3198
4298,7640
3135,4255
579,9510
5547,5700
1793,2367
718,8054
3714,8563
7606,11515
783,9732
150,5046
4793,9604
6665,8802
1473,7025
2292,6516
948,5668
2770,3537
2709,10127
4083,7932
973,11495
4781,5361
3828,3834
1386,5169
5470,6837
3292,10807
817,10471
2031,5110
2427,3129
4525,7985
4204,10268
7476,7622
4633,5574
4995,5207
7000,7771
7822,10242
6853,9346
2789,6556
1926,7622
4064,9528
6442,6784
2761,3074
3379,8554
3080,6904
681,4409
6504,7204
6836,10594
7389,10489
4081,6163
3528,6434
765,940
6609,7153
5312,5390
8729,10253
2653,4042
675,7793
2459,5580
5598,6346
5434,9173
9338,10041
1593,11656
98,329
7582,11592
7190,9272
3074,3249
6963,10434
5403,8931
6791,7692
590,1906
2952,5243
3474,4200
7335,9385
7680,7734
3541,6300
10154,10955
5533,8154
2096,3254
5402,11200
7591,9659
1498,11486
6049,8210
681,6262
7559,10272
5731,9176
3151,8162
1182,1195
2288,7727
304,10744
3732,7932
337,5426
5996,8812
6226,7825
4740,7131
3216,4468
3124,7859
1618,8593
2229,4050
5767,6428
6013,9706
10011,10139
2436,2671
815,7655
2239,2358
4446,5985
883,11200
6519,8743
9098,10080
4212,4464
6894,11593
5390,5660
7550,7748
8729,9177
3190,6542
3713,7415
265,6665
2049,6272
3469,5197
1090,7365
9716,10192
7697,8623
2826,4725
3331,4989
7223,7291
3442,4936
5664,9567
351,8591
7271,10342
3291,7754
3408,6415
3353,10746
4811,10431
4733,11563
7253,8904
6783,6883
1871,4351
2282,6701
8495,9597
4063,11630
6032,11521
10253,10594
7310,7500
2652,10642
5653,9631
6019,9509
7781,9595
6898,10384
6977,9548
3585,10827
4064,10773
1009,7183
1451,2450
4185,8223
1606,10062
8275,11631
827,9732
3478,3727
443,3264
3,8311
2168,9453
3536,10784
1257,6556
2139,6467
3876,11648
1563,5925
2280,7344
2010,6497
6136,11462
8672,8763
700,10422
4077,6992
47,6744
7735,9081
255,6812
9787,10862
2824,7306
10224,11437
1477,6549
10302,10499
550,5317
3449,3788
5929,6541
4212,9250
8200,9836
7650,7661
4366,6784
7056,9352
10198,11783
2893,3018
6746,7483
9758,10182
5722,9505
1630,8311
3151,9843
10387,11457
3172,6841
1793,7329
1960,7533
726,7330
9124,10671
709,2669
5275,6797
7825,9047
2415,8749
6045,6862
1477,5938
8768,9908
9507,11780
3098,3844
5332,8029
6894,7182
5060,9278
1694,5971
7642,10422
4633,6009
2242,11631
1425,3091
7505,8945
4711,6069
3652,4148
1700,4274
10000,10619
4856,8465
7812,11417
9172,9816
7344,9323
2806,10720
7034,7629
3494,3527
1917,6735
9659,9684
6050,7611
1682,4379
6259,11402
6594,10647
5428,6201
2230,10891
893,7374
4587,7249
709,11648
7112,10151
6472,7488
1446,10506
1629,3598
5387,9982
472,10198
692,9088
6343,9610
3298,7809
1859,6831
4064,5588
3342,4927
3071,8098
2282,6492
5972,7557
1737,5476
3368,10392
10320,10528
2581,11486
1393,5113
7447,7975
3171,6904
6054,9066
76,5873
9688,10501
5438,7856
752,6841
6888,9805
2599,6904
1057,10377
1182,5795
5751,7140
6114,9072
842,10810
4664,9132
207,6517
6069,10193
5576,11549
579,5541
7355,10024
7714,10312
10192,10366
6281,8778
1043,1871
2310,9174
9803,10288
5330,6859
3538,5817
9547,10722
7277,10637
687,5276
4225,4386
4220,8069
9476,10217
2715,7424
314,6398
9109,9802
3719,3742
5605,10922
4487,10400
2280,10835
7807,11648
8826,11683
1529,2096
9010,11639
2108,2280
7906,8189
7877,9334
2273,8196
766,7190
6450,7944
3474,3965
6941,8937
5669,7856
686,4633
1667,6241
7809,11496
3138,9699
4132,6498
771,10057
9240,9353
7253,9931
773,10597
3499,4676
7736,9173
5715,10755
983,4372
4766,7340
4359,6204
9598,9628
6906,10831
1722,10557
8029,9613
1014,4720
3708,10732
1612,3688
3883,8204
2760,4552
2030,6790
7015,7449
3249,10065
4053,4831
10294,10318
1394,5422
6677,8768
22,8608
1119,7159
6087,11469
2236,4512
944,1983
10366,10454
2653,3383
9587,11735
1705,10401
3716,3726
665,7771
7956,10105
246,4338
7000,7603
7615,10936
5427,8968
10653,11410
2454,3552
1159,7319
1882,9140
8087,8154
2681,9097
3487,8600
8821,9676
3496,8071
4824,10749
750,1028
3911,9015
1655,2806
6487,7918
1412,6281
63,1847
7346,10380
454,4585
3276,10361
7581,10268
8059,11651
9215,10737
4936,6593
4603,5494
4978,6161
1054,2306
6862,8469
3379,5813
3258,4247
1142,8793
578,10317
9009,10007
1454,4919
354,5167
219,3986
6116,11679
5532,9279
4249,6482
1077,8984
8780,8904
4472,6841
998,4527
340,7925
90,4077
3156,6002
2427,9071
824,6521
1425,8497
7040,7067
5119,10313
8011,10568
6262,9628
3131,10825
6791,6812
1655,6895
6542,11704
4461,10546
6497,11661
821,4287
1410,8651
1035,11568
8056,9054
1118,7311
7882,8157
1987,8130
286,11469
5100,7863
7710,11543
5426,10464
2979,5046
2193,9472
6799,11701
811,4467
6964,7253
1756,8173
9289,9900
8081,10211
5521,6609
737,6895
589,9401
2120,6367
6807,6936
2650,9778
9934,10135
6894,10650
7418,9558
4330,7162
1640,11628
1958,11314
1738,8215
11027,11282
7451,9527
7342,8184
1009,6415
499,9222
6307,7894
7291,9843
3937,6497
265,6270
1262,5645
7303,10286
624,9159
6576,10216
2086,2188
2658,11651
6691,7609
3552,9426
1964,9889
2670,11281
6738,8980
821,6209
7842,10195
1715,9807
7190,7379
904,8164
1545,1576
5766,10136
2778,5940
1105,9407
10,5133
6286,7408
3623,6193
821,2218
2677,10154
1454,10746
4732,6601
468,11745
16,271
6091,11713
8159,9064
4623,6342
1443,5059
2193,6551
5406,11049
1563,4598
8176,9628
2252,6677
766,9398
2766,5273
649,9049
6963,9071
3883,5918
9135,9334
3777,5218
5846,5973
279,292
5753,10730
5387,10453
1433,8351
887,2242
4854,6193
5768,10976
5805,6174
1893,4425
6630,8712
10505,11550
6012,9047
2715,8780
1379,1397
6601,6851
6920,6977
1154,2239
4682,6272
3898,6928
6716,10089
4366,7733
2108,2463
2265,9079
3370,6056
1451,6173
3570,8594
6210,6332
2049,6750
488,3383
802,7266
9476,10742
6778,9366
7862,9533
2222,7642
854,10069
430,11202
2806,5124
1660,10578
3767,11646
3856,8530
8803,10504
3705,8139
9081,10680
2413,10537
5105,9003
3461,6276
7314,10828
5273,9130
4333,7733
5141,9768
3251,6855
10442,10490
11126,11209
2131,11641
2060,2297
1306,4206
6032,9045
2120,5610
1153,11467
2581,5387
2421,6571
7237,11384
5446,5816
2280,9007
4270,9054
4664,8841
2216,8705
2201,8910
5610,5615
10272,10653
571,11659
1962,7365
1148,8821
569,4917
6733,9081
4399,8182
2287,10684
708,7839
1446,6236
7114,10768
1874,10875
6069,10105
1550,11186
6047,7772
597,6307
292,4545
48,8506
6966,8742
7748,9057
5435,8952
2572,4918
7714,8858
3820,6656
4566,6735
6279,8640
2450,4277
3368,5399
514,9569
9026,10768
578,1521
890,5984
5978,8357
765,7209
885,2268
851,3258
711,8164
4371,6300
3410,6494
7087,7193
2168,2761
8380,8541
7644,8188
2297,4925
2067,2189
6595,7943
9395,9932
4783,7027
9272,10292
1640,2456
3322,3797
1629,6229
6077,8729
1057,9569
1915,10116
6032,6970
1105,5660
1044,9714
846,4626
1386,3489
4336,10501
1054,6354
1257,9341
1416,5440
771,9219
1393,5426
4084,7249
6472,10942
6583,9732
2288,8923
1606,2062
3537,9457
6577,7583
4924,6618
8802,9216
7638,9623
4125,8503
7920,9528
2466,8148
2404,7372
3543,6970
5555,9428
9676,10876
3851,7771
6332,7342
5095,9346
4902,6340
1679,8451
2355,2409
1192,5331
1696,4472
5386,9623
3227,7451
7683,11769
4662,10089
4217,6837
644,10815
1659,10597
6307,6526
1891,11742
815,6814
2278,3875
2965,5150
8859,10450
4802,5588
2393,10773
2836,3059
5312,11661
6801,9249
7692,8762
8242,8504
5428,7078
6354,7864
1656,7538
4468,7502
7403,10141
4649,9111
2164,8883
6556,9523
4359,4505
1606,9807
4313,6221
4940,7486
5952,7182
3107,7746
5307,11336
2707,9222
772,6379
8887,9081
573,2021
2400,10425
3273,9412
2330,6445
1412,10450
5760,5768
7533,9942
703,2074
3223,4514
4872,7762
6430,7783
2049,8222
5386,11110
766,9504
2588,4980
2662,11747
9991,10343
2062,10773
6382,9401
9025,9631
658,9173
1702,10981
8253,10519
7591,10320
2412,10923
830,8706
6799,11028
1412,3228
723,5597
1199,8654
7926,8073
4252,6942
389,2868
4403,10745
2975,5165
6226,6807
851,5428
7449,10232
6412,7125
3745,11514
2222,8752
8909,11372
1919,5985
4927,6931
11430,11695
6866,7162
1128,4963
721,8109
1983,11709
1784,7602
1089,11497
9289,10224
5403,9260
2773,7756
3098,11033
1738,1750
802,8223
3642,3779
2195,4462
1035,11453
654,9121
3201,5306
462,9346
457,5363
1451,6030
6904,7054
2803,8105
3302,6551
8049,10210
1021,4322
1969,6783
2305,11197
6545,8068
6014,7253
10286,11749
9661,9843
4351,5615
1628,4376
7440,11340
1651,6499
6637,7223
558,2399
3140,3218
7802,9188
6576,9088
3029,5201
4928,11368
6187,8216
3191,6620
3490,7661
11502,11653
9486,9883
3992,4344
5266,7209
5291,8204
7189,9034
7476,8788
9128,9604
4252,10290
6537,10695
1016,11567
3108,5719
6036,9025
2404,6557
3219,9942
2142,7893
6796,9845
1965,6382
3717,7735
5949,7212
4944,8623
5546,10900
10987,11278
4202,10361
3723,3788
4532,9050
3585,8497
5510,9776
7015,7219
6217,6314
5987,5991
2511,10234
6438,8351
449,4455
6903,10637
1507,3880
6783,7512
7442,10024
3156,7244
8684,11340
9339,9744
5578,9097
5569,6866
2457,4818
3529,6379
1036,7586
838,8059
1478,3110
5421,6158
1153,9900
9177,9934
3116,7498
7283,8857
219,2670
277,6526
5125,6997
2792,7061
5571,9177
8760,8793
7404,7607
5938,11234
4514,7739
820,5983
8199,8210
7405,8890
761,4036
3191,8771
4802,11526
4499,6769
2662,9412
7642,8348
3598,3659
4928,6281
2043,10222
5453,9654
5074,8857
449,8808
4046,4070
3100,9999
5974,6897
572,8978
7365,9845
2357,9527
6852,8649
4679,6509
2280,9813
3880,6262
5768,6014
5863,10445
5275,7425
6382,10081
3552,8174
904,8149
2363,3098
6807,8796
1132,6780
2738,10313
7560,9851
683,4611
2725,6505
1492,7162
183,10473
569,651
6672,8111
1844,9636
2740,5115
7640,7660
3632,10744
5105,7190
1996,8262
5759,6091
1044,6334
5768,7603
827,3179
1492,7413
3686,6092
2459,9534
9132,10810
5427,8694
2662,7799
191,7753
6645,8812
2183,5446
2207,2399
6201,10475
1044,11362
8932,8967
6030,8577
5623,10861
6800,7405
8119,10719
582,4735
503,9879
3072,5555
909,10317
492,572
3239,6030
2049,9718
2128,4284
2361,7985
211,4650
6665,6671
6494,7019
1964,8859
2158,6711
7062,7118
2260,7261
4378,8697
1119,1636
1268,2231
4252,7365
697,6324
3432,3552
1728,5801
783,9730
1247,10355
4359,8157
8235,10307
94,1412
3680,5057
509,6493
8331,8715
3071,8994
2367,5936
2119,4535
434,8045
1089,8690
3537,7405
2776,9407
8270,8488
707,7040
4915,5506
2805,5568
6791,9243
7060,8654
4042,5115
1660,5426
1931,7319
7037,10729
10366,11501
9176,9997
9077,11197
7479,9298
8737,9560
1856,8176
664,7134
1887,8223
126,3768
10139,10858
556,3696
6495,9687
3421,10392
3513,6262
3631,7387
483,10205
7383,9262
5390,8857
5659,10035
7441,10862
7365,9111
4732,6799
779,7931
5510,10900
2673,9593
4288,6087
6047,10729
528,658
6100,9165
5412,8780
3483,8996
1937,5319
4294,5555
2669,5722
3298,9249
8184,10898
5336,6948
2413,7349
251,7856
1811,1859
4293,10755
2547,7085
3083,10095
1736,10591
569,1388
4397,7241
9550,9870
508,9789
2229,4300
1064,5623
5390,6551
7283,10352
6379,11632
9296,9319
1013,8623
1442,9986
448,6259
3063,3313
8072,11499
352,3829
8542,10726
7987,9057
7140,7768
1132,7352
4487,5105
4379,7762
4220,7746
1005,3529
5391,6766
1018,10081
1035,8440
5692,9180
6556,9341
4226,7451
3418,8611
6173,7149
2076,10308
3075,3105
6014,10338
1659,3384
6569,11409
1066,7565
745,958
4204,6746
4338,5309
513,7189
4396,9401
4255,9128
351,10062
7015,7061
5659,9097
6941,9728
9098,9219
779,3112
7447,9718
1649,4538
9655,10173
7877,10041
2676,10610
1660,4047
846,6692
2336,4314
9168,9356
1025,9690
4413,6072
6270,10057
8879,10806
2355,10569
514,7684
9631,10910
6556,8283
7458,9346
3379,3457
1931,7660
10,7661
2400,9327
2636,8547
4492,6767
5548,9744
98,7040
7011,7384
4960,6808
337,8519
6211,9667
2073,5965
6378,9752
869,6853
5647,10233
4913,9640
6069,7009
2193,4258
6895,9013
1956,6129
7591,9945
5296,8359
8931,11413
5856,11217
2776,6595
9453,10653
9958,10572
7735,9542
5683,9837
2677,5122
6898,7975
10310,11761
905,7999
2752,6315
180,6954
1419,7026
2230,4919
9165,11534
5273,9132
1215,9758
5569,9216
2111,7933
3192,9698
6344,6495
9297,10623
7056,11674
5639,6903
2606,2835
2242,8737
5090,8768
1467,10650
4307,7538
9892,10408
2123,6616
7051,11597
765,8803
4277,6836
5103,6010
7582,9061
2231,3576
2992,4987
7625,8719
3298,9170
6695,8275
9567,10095
1962,9001
558,2111
1712,11783
2361,4547
3081,7047
1097,6684
7233,10210
4308,6884
10000,10130
9045,11370
3357,4579
9168,9816
5700,7387
9008,10299
6379,11550
2423,10391
3078,3282
3965,6193
1594,6559
3886,7573
585,7644
94,3828
1030,6378
442,1925
6807,7408
11138,11171
7092,10650
4311,10825
1153,3233
1275,9431
9800,9914
2636,4939
3992,6767
2670,5615
1254,8359
10547,10900
10139,11472
1520,6236
1084,7384
2295,9216
7073,9420
9418,11620
1513,10654
2179,11497
200,2611
5531,8950
2572,3633
4430,7576
5449,6322
2744,5403
603,4202
6797,11167
10289,10422
3470,6426
6524,7582
7746,8277
673,10205
2436,9045
3863,7613
11062,11136
10473,10588
6996,10137
1495,5343
4314,9396
4514,7908
4281,6609
493,7753
519,5449
5954,5984
4552,9009
5784,9872
7040,11630
1075,4009
2979,4709
546,5551
2993,3313
493,3261
4265,5311
4976,5012
1159,7315
2250,5938
5125,8613
6769,7629
4264,5527
175,4872
558,6315
8228,8519
8998,9038
7422,8595
3386,3454
1132,1424
3071,5105
3987,6115
1072,3144
9943,11764
7062,9346
945,9739
9487,9611
6073,7356
2845,3053
2160,3135
936,6812
5386,8780
5608,7908
6215,11028
2778,3100
3098,5605
1009,5576
4487,9699
1247,2858
651,11559
9787,9863
6270,6286
207,683
11514,11550
6737,6806
3496,4986
10396,10642
5640,8225
8968,10597
737,905
6428,10519
3623,5197
2807,4487
7365,11597
6192,11639
638,5742
6225,6769
8011,11462
1739,7010
1843,7415
7119,11434
9026,11538
8213,8504
563,5550
6731,7069
5470,5774
6315,7807
277,643
6965,7856
2806,11528
1293,7511
1890,5125
1969,9658
2981,3051
6056,10661
2676,9767
9420,10110
6913,6951
9776,10341
292,7047
5413,10947
7413,11662
6001,9183
4073,4527
6090,10866
3091,8058
5527,8068
10122,10366
698,2399
10081,10082
6759,7596
7226,8235
4359,11597
9141,9684
8696,10218
3475,5290
3063,5219
783,4543
7441,9121
98,11413
8811,11325
10081,10534
132,9696
2014,2257
7550,11783
458,4226
582,1838
6875,7667
7661,10219
5049,5182
4110,4153
1633,4918
5775,10294
6036,6762
146,4177
8404,10352
4705,10011
1063,1090
5719,6709
1931,11654
2360,8059
3219,7927
1643,7622
6450,7095
9033,11567
5669,6493
4934,9131
846,2361
7277,7321
7083,10211
560,10138
5707,6542
9338,10338
8682,10181
2077,3110
7415,8049
2689,8581
5435,7785
4400,11629
7094,10730
4245,7596
3169,7365
7181,10588
1293,11420
772,5940
7247,7655
8909,10664
2473,7463
1851,7483
5283,8723
1132,6808
5119,5806
4671,5660
3129,6116
2824,10021
532,6379
1211,9130
815,10233
767,10088
883,10714
1117,9586
1613,3450
7190,9623
839,10825
5299,6904
7391,11711
2377,9767
7224,10127
9920,10139
6269,6616
3218,11266
976,1295
292,6737
3654,3840
6953,9708
4739,7722
1216,9033
723,10201
5527,10847
5697,9064
1626,6512
6796,10473
9049,10387
901,6504
1848,6013
7291,9306
2901,3331
234,11611
5645,9363
7646,9103
6593,8899
7069,7073
6808,10538
7224,10445
4958,7801
5769,7424
10052,11449
4515,9702
7860,7888
7661,10356
4446,6545
6646,7069
3172,5428
2249,7181
563,10845
6625,7851
4317,6903
1615,6005
4522,8106
7675,9248
3875,4740
3649,6671
5700,9451
4588,11783
2434,4488
4676,9528
7507,8154
4285,9473
5125,7863
1893,3166
5719,9407
2104,7877
1629,6397
3840,5814
773,9980
9900,10181
5284,5742
6466,6472
4597,7991
8971,10517
2863,2880
3886,11481
2505,3855
3136,4400
573,9325
6578,7483
3732,8560
3475,6486
1948,9282
8776,10422
2145,6881
2715,4934
7019,7078
4775,4914
8165,9817
234,2681
711,2806
569,3454
4265,5597
9016,10226
308,5115
4047,11501
1937,7279
251,10366
3171,4337
2774,8328
3081,5383
480,1606
673,9130
1761,7054
3101,7056
7266,9813
2143,2219
1164,8904
7991,9009
4872,7603
7942,7953
3478,8743
10131,11628
4040,4351
10147,10297
7019,7105
795,10079
2226,10079
3108,9754
3080,3566
2361,7915
6310,9623
9470,9835
5510,10369
558,6333
1563,8186
425,5936
2826,4601
3469,8328
4862,11445
2229,10299
2204,7783
5775,7864
4255,7681
5115,10377
2274,7521
4909,5277
9153,9848
832,1900
2662,7591
3225,6231
9147,10759
7721,10844
3496,5921
8973,10480
4447,4457
5105,6704
4323,8184
2367,6923
2062,4516
6379,8874
3594,5978
993,9176
5789,7637
9282,11519
2049,4775
1216,10432
462,4963
6459,7820
893,7636
7586,7646
7451,10292
4189,6797
7981,10592
1522,10366
2091,6601
4025,7494
887,2822
1265,11182
2423,5664
8199,11783
6426,6671
848,4252
510,2967
3075,5653
7786,8996
6516,6665
445,7384
2043,11665
2575,11673
2141,3100
8351,8547
3698,6207
2780,6964
6030,7067
314,9805
1082,6331
445,6791
1275,1295
9752,9865
6704,9623
2104,3918
9633,10642
6227,11526
6709,10846
1531,11444
5344,10135
499,10623
3075,4606
646,1482
3368,5105
312,6948
1483,8742
1910,11628
501,654
4638,7753
797,8922
4932,10664
2382,3973
1427,5137
2086,7291
3176,5423
2135,5976
3732,5094
7062,10881
9925,10257
1871,4670
7516,10737
7030,11519
8857,10387
193,4228
4315,8722
7735,9752
1482,8079
4909,10536
7160,10780
9113,9676
771,9165
1846,9891
3198,9689
2660,4235
4379,7247
5506,10833
2059,4516
5797,6015
1013,4925
3755,6158
3521,7745
3528,8254
6689,11571
11133,11145
9586,11566
7516,11488
2481,8249
9054,9976
193,387
3543,3636
2295,4052
2135,9046
2413,10127
3284,9759
7609,10443
208,3994
7047,10584
10646,10745
7994,10749
1887,6992
640,6608
2211,11568
2230,7753
1161,7927
4918,5955
9539,9805
2807,6859
1347,2938
3659,8610
3682,8547
5550,6509
1614,1625
3708,6711
1693,7737
7302,9908
2400,9934
6665,7849
3179,10154
6571,7684
5423,7094
6530,7041
903,4914
8059,10505
3884,3977
2358,7609
231,8740
7680,8088
556,7155
2360,2365
2599,10342
2321,8619
2696,7062
3029,3680
8742,9073
3643,3682
9196,9552
1014,4444
279,4630
6089,7315
3193,6976
2108,5320
6091,6147
7196,9456
450,11689
1352,6897
210,1753
9312,9535
4758,8148
3368,3585
5788,7647
3223,5983
2599,8375
2453,9050
3499,6307
1962,8723
419,3688
1230,5784
5489,10798
4588,9548
2767,9467
3543,7418
971,9482
10,8611
8045,8328
6217,6556
9640,11504
546,6451
7431,7586
3124,4202
534,7184
6744,11318
7479,10193
5769,6976
2193,4338
4258,7212
315,6236
2738,5115
6624,6868
5399,9399
3664,8174
5525,10662
6324,10619
1448,3150
10130,10608
1948,10077
3492,8620
9082,10673
1980,7289
5077,6067
1985,7705
603,7769
8742,10261
8380,8501
9009,10684
3543,10030
4045,7638
8474,8620
4934,10239
7303,9147
1602,4707
2738,3276
492,4488
3222,10908
1629,5077
419,1628
578,6646
4689,4753
4775,6378
6084,7622
1038,7820
2194,4774
6625,9177
5871,5901
6281,10391
8905,9510
7512,11651
2288,9877
6327,10846
961,8978
1980,2454
1211,6115
4377,5569
3185,5189
7372,7714
4909,4942
5649,9260
487,808
8149,9843
5527,9997
1976,10548
2362,11404
5402,5632
4034,4823
2908,3005
11068,11273
5140,7841
3644,7289
3633,11399
1919,7808
9366,11314
3789,7906
2751,10581
1498,7140
9668,10976
8658,11689
2674,4532
5660,9346
6033,7119
5659,9872
2222,10522
4504,7807
2315,6912
1057,3537
1014,10604
6862,10746
1390,3593
4579,5551
999,7206
10310,11735
11541,11562
899,6524
6550,10133
1605,5550
8054,10815
2713,10052
3130,8865
7015,11566
1694,3577
742,4467
5277,7405
7510,11528
543,6495
7932,11497
893,10400
2423,11483
2092,4442
2767,5659
4480,9790
3399,7387
8715,9383
4707,4795
3896,11550
610,2265
2030,9176
2410,11630
1987,7387
1874,3820
7659,8672
4323,7509
9082,9159
4073,4579
4818,9668
4507,4913
3911,9049
1190,10637
6276,10000
2322,5725
3926,3953
419,7738
7165,7981
5640,9133
7306,10088
7354,11618
8554,10825
370,5402
6949,10554
7907,10024
4227,9045
2685,8856
854,7746
7222,8978
2269,6371
961,8084
3477,9699
8467,8613
6595,6601
6901,7636
5748,10364
5483,9457
7492,10254
658,10254
3220,10938
4180,8393
1483,5106
6837,9662
4499,10054
9121,10161
6062,8906
7386,7809
4213,7441
1884,8216
3084,9047
214,6282
8739,10839
7991,10937
7674,7748
8776,8802
1267,7769
650,1424
1728,9392
945,7819
7358,9669
5973,10865
